Product ID,Name,Description,Price (USD)
com.tecventures.mysticmotors.exotic.surge,EXOTIC SURGE,EXOTIC SURGE - Special Offer,5.99
com.tecventures.mysticmotors.gold.flood,GOLD FLOOD,GOLD FLOOD - Special Offer,24.99
com.tecventures.mysticmotors.fortune.vault,FORTUNE VAULT,FORTUNE VAULT - Special Offer,44.99
com.tecventures.mysticmotors.weekend.circuit,WEEKEND CIRCUIT,WEEKEND CIRCUIT - Special Offer,6.99
com.tecventures.mysticmotors.gem.ignition,GEM IGNITION,GEM IGNITION - Special Offer,1.99
com.tecventures.mysticmotors.fuel.surge,FUEL SURGE,FUEL SURGE - Special Offer,1.99
com.tecventures.mysticmotors.rare.rush,RARE RUSH,RARE RUSH - Special Offer,1.99
com.tecventures.mysticmotors.rare.storm,RARE STORM,RARE STORM - Special Offer,1.99
com.tecventures.mysticmotors.spark.cache,SPARK CACHE,SPARK CACHE - Special Offer,1.99
com.tecventures.mysticmotors.night.shift,NIGHT SHIFT,NIGHT SHIFT - Special Offer,1.99
com.tecventures.mysticmotors.shard.strike,SHARD STRIKE,SHARD STRIKE - Special Offer,2.99
com.tecventures.mysticmotors.turbo.cache,TURBO CACHE,TURBO CACHE - Special Offer,3.99
com.tecventures.mysticmotors.legendary.haul,LEGENDARY HAUL,LEGENDARY HAUL - Special Offer,29.99
com.tecventures.mysticmotors.legend.surge,LEGEND SURGE,LEGEND SURGE - Special Offer,39.99
com.tecventures.mysticmotors.grand.circuit,GRAND CIRCUIT,GRAND CIRCUIT - Special Offer,69.99
com.tecventures.mysticmotors.mastery.surge,MASTERY SURGE,MASTERY SURGE - Special Offer,2.99
com.tecventures.mysticmotors.horizon.cache,HORIZON CACHE,HORIZON CACHE - Special Offer,12.99
com.tecventures.mysticmotors.apex.vault,APEX VAULT,APEX VAULT - Special Offer,99.99
com.tecventures.mysticmotors.garage.circuit,GARAGE CIRCUIT,GARAGE CIRCUIT - Special Offer,6.99
com.tecventures.mysticmotors.exotic.edge,EXOTIC EDGE,EXOTIC EDGE - Special Offer,9.99
com.tecventures.mysticmotors.speed.vault,SPEED VAULT,SPEED VAULT - Special Offer,12.99
com.tecventures.mysticmotors.exotic.storm,EXOTIC STORM,EXOTIC STORM - Special Offer,19.99
com.tecventures.mysticmotors.legendary.edge,LEGENDARY EDGE,LEGENDARY EDGE - Special Offer,24.99
com.tecventures.mysticmotors.flash.circuit,FLASH CIRCUIT,FLASH CIRCUIT - Special Offer,5.99
com.tecventures.mysticmotors.mythic.trove,MYTHIC TROVE,MYTHIC TROVE - Special Offer,79.99
com.tecventures.mysticmotors.legendary.vault,LEGENDARY VAULT,LEGENDARY VAULT - Special Offer,89.99
com.tecventures.mysticmotors.garage.gods,GARAGE GODS,GARAGE GODS - Special Offer,129.99
com.tecventures.mysticmotors.grand.haul,GRAND HAUL,GRAND HAUL - Special Offer,149.99
com.tecventures.mysticmotors.sovereign.cache,SOVEREIGN CACHE,SOVEREIGN CACHE - Special Offer,199.99
com.tecventures.mysticmotors.champions.vault,CHAMPIONS VAULT,CHAMPIONS VAULT - Special Offer,199.99
